{"cameraMode":{"drawMode":0,"name":"Shaded","section":"Shading Mode"},"sceneLighting":true,"audioPlay":false,"sceneViewState":{"m_AlwaysRefresh":false,"showFog":true,"showSkybox":true,"showFlares":true,"showImageEffects":true,"showParticleSystems":true,"showVisualEffectGraphs":true,"m_FxEnabled":true},"in2DMode":false,"pivot":{"x":-25.48333740234375,"y":-22.945926666259767,"z":0.14521583914756776},"rotation":{"x":0.24285101890563966,"y":-0.6627907752990723,"z":0.24181021749973298,"w":0.6657836437225342},"size":20.14045524597168,"orthographic":false}