{"cameraMode":{"drawMode":0,"name":"Shaded","section":"Shading Mode"},"sceneLighting":true,"audioPlay":false,"sceneViewState":{"m_AlwaysRefresh":false,"showFog":true,"showSkybox":true,"showFlares":true,"showImageEffects":true,"showParticleSystems":true,"showVisualEffectGraphs":true,"m_FxEnabled":true},"in2DMode":false,"pivot":{"x":-0.20000000298023225,"y":0.9599999785423279,"z":0.6700000166893005},"rotation":{"x":0.06668905168771744,"y":0.6389744281768799,"z":-0.055722225457429889,"w":0.7643666863441467},"size":0.8660253882408142,"orthographic":false}